,precision,recall,f1-score,support
0,0.9569120287253142,0.9350877192982456,0.9458740017746229,570.0
1,0.8840125391849529,0.9215686274509803,0.9024,306.0
accuracy,0.930365296803653,0.930365296803653,0.930365296803653,0.930365296803653
macro avg,0.9204622839551335,0.9283281733746129,0.9241370008873114,876.0
weighted avg,0.9314471385434071,0.930365296803653,0.9306878778670492,876.0
