,precision,recall,f1-score,support
0,0.9837758112094396,0.9099590723055935,0.9454287739192062,733.0
1,0.6666666666666666,0.9230769230769231,0.7741935483870968,143.0
accuracy,0.9121004566210046,0.9121004566210046,0.9121004566210046,0.9121004566210046
macro avg,0.8252212389380531,0.9165179976912583,0.8598111611531515,876.0
weighted avg,0.9320102773400143,0.9121004566210046,0.9174759916691017,876.0
