,precision,recall,f1-score,support
0,0.7843137254901961,0.9259259259259259,0.8492569002123143,216.0
1,0.9742351046698873,0.9166666666666666,0.9445745511319282,660.0
accuracy,0.9189497716894978,0.9189497716894978,0.9189497716894978,0.9189497716894978
macro avg,0.8792744150800417,0.9212962962962963,0.8969157256721212,876.0
weighted avg,0.9274051755570867,0.9189497716894978,0.9210715687133932,876.0
